date,nea,nea_subsidiary,ipp,import,total_energy_available,energy_export,inps_demand,energy_interruption,generation_deficit,energy_requirement,net_exchange_with_india
2022/09/15,9482,12503,18521,11,40517,9316,31201,0,0,31201,0
2022/09/26,9302,12852,20023,264,42441,8913,33528,0,0,33528,0
2022/09/11,10073,12887,19842,788,43589,8736,34853,0,0,34853,0
2022/09/18,6837,12141,19040,147,38164,8295,29870,0,0,29870,0
2022/09/17,6682,3948,17978,79,28687,5323,23364,260,0,23624,0
2022/09/22,10449,12511,18867,385,42211,8607,33605,0,0,33605,0
2022/09/10,8996,12557,19032,817,41403,9598,31805,8,0,31813,0
2022/09/05,10574,12864,19561,173,43172,8547,34625,10,0,34635,0
2022/09/30,9840,12919,20282,399,43440,9850,33590,60,0,33650,0
2022/09/19,9140,12891,19051,192,41274,9964,31310,15,0,31325,0
2022/09/20,9828,12836,18965,346,41975,7741,34234,140,0,34374,0
2022/09/16,8752,12337,17834,27,38950,9943,29007,190,0,29197,0
2022/09/12,10341,12889,19251,421,42902,8477,34425,0,0,34425,0
2022/09/07,11012,12479,18917,418,42826,8117,34709,480,0,35189,0
2022/09/14,10007,12688,19236,152,42083,9037,33046,0,0,33046,0
2022/09/27,8873,12618,18995,685,41170,8387,32783,230,0,33013,0
2022/10/07,5104,11650,15490,58,32302,9577,22725,0,0,22725,0
2022/09/21,10271,12860,17984,369,41484,8983,32501,0,0,32501,0
2022/10/04,5380,9309,18012,256,32957,9918,23039,0,0,23039,0
2022/10/06,4108,9973,17135,88,31304,9012,22292,20,0,22312,0
2022/10/09,7208,12862,16352,10,36432,9778,26654,10,0,26664,0
2022/09/24,9369,12909,19072,109,41459,8522,32937,0,0,32937,0
2022/09/06,10325,12791,19119,688,42923.519,8646,34278,200,0,34478,0
2022/10/02,9156,12054,20203,68,41481,9879,31602,80,0,31682,0
2022/10/03,7337,11172,18874,67,37449,10080,27369,0,0,27369,0
2022/09/28,10440,12914,20572,409,44335,7972,36362,0,0,36362,0
2022/09/08,10881,12729,18668,496,42774,7668,35106,0,0,35106,0
2022/09/13,9851,12748,19441,342,42382,10075,32308,15,0,32323,0
2022/09/09,9302,12732,18891,1047,41972,8285,33687,0,0,33687,0
2022/10/05,4364,9218,16641,81,30305,9770,20535,40,0,20575,0
2022/10/08,5708,12788,15229,40,33765,9778,23987,0,0,23987,0
2022/09/29,10219,12859,20114,614,43806,9086,34719,0,0,34719,0
2022/10/01,10050,12768,19267,0,42085,9400,32685,0,0,32685,0
2022/09/25,9609,12802,19556,102,42070,9871,32199,0,0,32199,0
2022/09/23,9727,12453,19428,283,41891,7629,34262,280,0,34542,0
2022/10/10,6764,12644,17034,101,36544,10180,26364,20,0,26384,0
2022/10/11,6215,12723,16933,92,35963,8600,27363,50,0,27413,0
2022/10/13,6942,12375,18638,105,38061,9387,28674,0,0,28674,-9282
2022/10/14,7086,12385,18727,133,38331,8345,29987,0,0,29987,-8211
2022/10/15,6814,12383,17623,104,36923,9653,27270,0,0,27270,-9549
2022/10/16,6711,11943,18030,310,36993,9966,27028,80,0,27108,-9656
2022/10/17,7103,10674,19471,151,37398,8003,29395,0,0,29395,-7852
2022/10/18,6567,10929,18462,133,36091,9225,26866,0,0,26866,-9092
2022/10/19,7185,10314,18254,70,35824,7928,27896,30,0,27926,-7858
2022/10/20,7750,10165,18257,60,36232,9303,26929,0,0,26929,-9243
2022/10/21,7359,9852,18660,42,35913,8602,27311,0,0,27311,-8560
2022/10/22,8044,9828,16785,21,34678,9260,25417,0,0,25417,-9240
2022/10/23,8603,9750,17261,0,35614,8926,26688,0,0,26688,-8926
2022/10/24,9401,7816,15376,0,32593,9602,22991,0,0,22991,-9602
2022/10/25,8147,1912,16776,10,26846,5872,20973,0,0,20973,-5862
2022/10/26,8480,1888,16266,12,26647,5890,20756,100,0,20856,-5878
2022/10/27,7689,1870,15646,31,25236,5626,19610,300,0,19910,-5595
2022/10/28,8228,1868,16350,17,26462,5389,21072,100,0,21172,-5373
2022/10/29,7965,1833,15832,14,25644,5459,20185,100,0,20285,-5445
2022/10/30,8441,1943,16008,0,26392,6151,20241,0,0,20241,-6151
2022/10/31,8502,1919,16246,0,26668,7507,19161,0,0,19161,-7507
2022/11/01,8462,1962,16404,0,26828,5011,21817,0,0,21817,-5011
2022/11/02,8818,1909,16380,0,27107,3170,23937,20,0,23957,-3170
2022/11/03,9191,1977,16434,44,27645,2704,24941,20,0,24961,-2660
2022/11/04,9389,3891,15960,0,29240,3796,25444,0,0,25444,-3796
2022/11/05,8498,8350,15650,0,32498,8425,24073,0,0,24073,-8425
2022/11/06,8485,8009,15870,0,32365,7603,24762,0,0,24762,-7603
2022/11/07,8986,7031,16450,0,32468,6350,26118,0,0,26118,-6350
2022/11/08,9201,7337,16257,0,32795,7835,24960,0,0,24960,-7835
2022/11/09,9291,7150,15514,0,31955,7311,24644,0,0,24644,-7311
2022/11/10,9337,7422,15317,0,32076,6467,25609,0,0,25609,-6467
2022/11/11,9424,7438,15708,0,32570,7066,25505,0,0,25505,-7066
2022/11/12,8359,7456,15332,0,31147,7693,23454,0,0,23454,-7693
2022/11/13,9467,7193,14959,0,31619,7518,24101,0,0,24101,-7518
2022/11/14,9668,6987,14808,15,31479,6266,25213,50,0,25263,-6251
2022/11/15,9317,6866,14356,18,30556,5248,25308,100,0,25408,-5231
2022/11/16,9512,6834,14029,33,30408,5049,25359,0,0,25359,-5016
2022/11/17,9781,6608,14519,0,30908,5264,25645,0,0,25645,-5264
2022/11/18,9408,6155,15252,0,30815,5011,25804,0,0,25804,-5011
2022/11/19,9240,6986,14839,0,31066,7330,23735,0,0,23735,-7330
2022/11/20,8937,6354,13225,0,28516,9580,18936,0,0,18936,-9580
2022/11/21,8799,6313,14817,0,29930,7620,22310,0,0,22310,-7620
2022/11/22,9367,6177,14768,0,30312,4985,25327,0,0,25327,-4985
2022/11/23,9465,5980,14857,0,30302,4434,25868,0,0,25868,-4434
2022/11/24,9135,6228,14991,0,30355,3856,26498,0,0,26498,-3856
2022/11/25,9236,6015,14876,0,30127,3832,26294,0,0,26294,-3832
2022/11/26,8957,5829,14637,0,29424,3907,25518,0,0,25518,-3907
2022/11/27,9062,5139,14352,0,28554,2515,26038,0,0,26038,-2515
2022/11/28,9085,6160,14095,0,29340,2980,26360,0,0,26360,-2980
2022/11/29,9301,5979,14397,0,29676,3168,26508,0,0,26508,-3168
2022/11/30,9490,5882,14166,12,29549,2118,27431,25,0,27456,-2107
2022/12/1,8842,5465,14207,155,28669,2196,26473,0,0,26473,-2041
2022/12/2,9215,5367,14171,313,29066,2460,26606,550,0,27156,-2147
2022/12/3,8831,5710,13948,269,28758,2940,25818,0,0,25818,-2671
2022/12/4,9198,5440,13902,403,28944,2138,26806,0,0,26806,-1735
2022/12/5,9654,5325,13687,332,28997,1881,27116,370,0,27486,-1549
2022/12/6,9619,5128,13794,467,29008,1014,27994,0,0,27994,-546
2022/12/7,8286,4913,13586,1594,28379,983,27396,0,0,27396,611
2022/12/8,7905,4846,13565,1605,27920,1039,26880,0,0,26880,565
2022/12/9,8295,4719,13512,1712,28238,1060,27178,0,0,27178,652
2022/12/10,8507,5274,13226,516,27523,1437,26086,0,0,26086,-921
2022/12/11,8783,5439,12898,1072,28191,1262,26929,0,0,26929,-190
2022/12/12,8842,4970,13393,1834,29039,944,28095,0,0,28095,889
2022/12/13,9016,4822,13452,1969,29259,661,28597,0,0,28597,1307
2022/12/14,8255,4765,13362,3105,29487,680,28807,25,0,28832,2425
2022/12/15,8394,4652,12997,3329,29373,506,28867,45,0,28912,2823
2022/12/16,8622,4795,12840,3218,29474,297,29178,0,0,29178,2921
2022/12/17,7874,4443,12740,2316,27372,90,27282,223,0,27505,2226
2022/12/18,8173,4772,12745,2916,28606,169,28437,75,0,28512,2747
2022/12/19,7880,4535,12651,4477,29543,35,29509,45,0,29554,4443
2022/12/20,8095,4329,12501,4382,29307,0,29307,30,0,29337,4382
2022/12/21,7915,4553,12453,4109,29031,0,29031,0,0,29031,4109
2022/12/22,8502,4573,12265,4690,30030,0,30030,115,0,30145,4690
2022/12/23,8167,4362,12106,5529,30164,0,30164,110,0,30274,5529
2022/12/24,7603,4242,12238,4068,28151,0,28151,40,0,28191,4068
2022/12/25,7304,4024,11993,5977,29299,0,29299,0,0,29299,5977
2022/12/26,7888,4274,11798,5164,29124,0,29124,120,0,29244,5164
2022/12/27,7830,4107,11720,5818,29475,0,29475,60,0,29535,5818
2022/12/28,8124,4043,11710,6332,30209,0,30209,675,0,30884,6332
2022/12/29,8076,4093,11624,6949,30742,0,30742,320,0,31062,6949
2022/12/30,8007,4038,11596,7207,30848,0,30848,110,0,30958,7207
2022/12/31,7227,4053,11580,6932,29792,0,29792,0,0,29792,6932
2023/01/1,7575,3858,11537,7817,30787,0,30787,0,0,30787,7817
2023/01/2,8172,4209,11308,8797,32487,0,32487,120,0,32607,8797
2023/01/3,8007,3869,11087,8622,31585,0,31585,520,0,32105,8622
2023/01/4,8088,3721,11093,8460,31361,0,31361,885,0,32246,8460
2023/01/5,7870,3745,11018,9327,31960,0,31960,815,0,32775,9327
2023/01/6,7820,3747,10731,8960,31259,0,31259,820,0,32079,8960
2023/01/7,7055,3699,10707,7593,29055,0,29055,705,0,29760,7593
2023/01/8,7682,2899,10510,10672,31763,0,31763,350,0,32113,10672
2023/01/9,7006,3937,10400,9274,30617,0,30617,1050,0,31667,9274
2023/01/10,7933,3546,10379,8539,30397,0,30397,1250,0,31647,8539
2023/01/11,7856,4236,10294,7766,30152,0,30152,2358,0,32510,7766
2023/01/12,7602,3320,10265,8092,29278,0,29278,2455,0,31733,8092
2023/01/13,6984,3538,10101,10538,31161,0,31161,1355,0,32516,10538
2023/01/14,5962,3270,9972,8340,27544,0,27544,1310,0,28854,8340
2023/01/15,5679,3049,9885,10033,28646,0,28646,250,0,28896,10033
2023/01/16,6451,3440,9879,9371,29140,0,29140,985,0,30125,9371
2023/01/17,6784,3460,9748,10270,30261,0,30261,1090,0,31351,10270
2023/01/18,6422,3159,9624,10794,30000,0,30000,1350,0,31350,10794
2023/01/19,6603,3195,9609,10694,30101,0,30101,1360,0,31461,10694
2023/01/20,6633,3559,9464,10478,30134,0,30134,1390,0,31524,10478
2023/01/21,5912,3931,9314,9290,28448,0,28448,850,0,29298,9290
2023/01/22,6395,2959,9345,10431,29129,0,29129,1160,0,30289,10431
2023/01/23,6257,3582,9194,10534,29567,0,29567,1160,0,30727,10534
2023/01/24,6086,2981,9136,11360,29562,0,29562,1285,0,30847,11360
2023/01/25,6003,3135,9248,10234,28621,0,28621,950,0,29571,10234
2023/01/26,5934,2910,9187,10787,28817,0,28817,1000,0,29817,10787
2023/01/27,6088,2804,8987,10964,28842,0,28842,900,0,29742,10964
2023/01/28,5249,2768,8752,10308,27077,0,27077,300,0,27377,10308
2023/01/29,5925,3044,8884,10930,28783,0,28783,1025,0,29808,10930
2023/01/30,5888,3456,8637,10358,28338,0,28338,1505,0,29843,10358
2023/01/31,6021,3072,8699,10454,28246,0,28246,1300,0,29546,10454
2023/02/01,6270,3328,8656,10338,28592,0,28592,1045,0,29637,10338
2023/02/02,5784,3323,8538,10080,27725,0,27725,1180,0,28905,10080
2023/02/03,5796,2933,8565,11209,28503,0,28503,1440,0,29943,11209
2023/02/04,5650,2744,8177,10533,27104,0,27104,550,0,27654,10533
2023/02/05,5673,2955,8294,11322,28243,0,28243,1215,0,29458,11322
2023/02/06,5914,3136,8315,11380,28745,0,28745,920,0,29665,11380
2023/02/07,6012,3047,8182,12040,29280,0,29280,1026,0,30306,12040
2023/02/08,5984,3097,8168,11395,28643,0,28643,1330,0,29973,11395
2023/02/09,6087,2813,8185,11496,28581,0,28581,1130,0,29711,11496
2023/02/10,5994,3006,8178,10759,27938,0,27938,1180,0,29118,10759
2023/02/11,5314,2684,8233,11067,27298,0,27298,945,0,28243,11067
2023/02/12,5871,2105,8372,12079,28428,0,28428,1105,0,29533,12079
2023/02/13,5954,3449,8532,11136,29070,0,29070,830,0,29900,11136
2023/02/14,6023,2782,8916,12109,29831,0,29831,1245,0,31076,12109
2023/02/15,5923,2667,9180,10932,28703,0,28703,1060,0,29763,10932
2023/02/16,6252,3149,9153,10370,28924,0,28924,1025,0,29949,10370
2023/02/17,5602,3320,9100,10607,28628,0,28628,1515,0,30143,10607
2023/02/18,5021,2762,9124,8201,25109,0,25109,1285,0,26394,8201
2023/02/19,5641,2059,9346,9599,26646,0,26646,1200,0,27846,9599
2023/02/20,5789,3357,9127,9577,27850,0,27850,1675,0,29525,9577
2023/02/21,5936,3164,9386,9306,27791,0,27791,1915,0,29706,9306
2023/02/22,5772,2639,9176,10200,27788,0,27788,1980,0,29768,10200
2023/02/23,5657,3025,9068,10727,28477,0,28477,2075,0,30552,10727
2023/02/24,6082,2855,8960,9740,27637,0,27637,1980,0,29617,9740
2023/02/25,5517,2609,8907,10282,27316,0,27316,1800,0,29116,10282
2023/02/26,5544,2549,8903,10306,27303,0,27303,2185,0,29488,10306
2023/02/27,5565,2904,9350,7987,25805,0,25805,3250,0,29055,7987
2023/02/28,5902,2605,9023,9097,26627,0,26627,3620,0,30247,9097
2023/03/01,5033,2836,8936,11742,28547,0,28547,2000,0,30547,11742
2023/03/02,4949,2454,9085,13224,29712,0,29712,1905,0,31617,13224
2023/03/03,4954,2601,9004,12436,28995,0,28995,2050,0,31045,12436
2023/03/04,4259,2333,9169,11225,26987,0,26987,1950,0,28937,11225
2023/03/05,4564,2880,8792,11963,28199,0,28199,1950,0,30149,11963
2023/03/06,5264,3160,8699,8914,26035,0,26035,1750,0,27785,8914
2023/03/07,4697,2456,8596,7000,22749,0,22749,0,0,22749,7000
2023/03/08,3864,2347,8576,7669,22456,0,22456,0,0,22456,7669
2023/03/09,4417,2421,8867,11605,27311,0,27311,350,0,27661,11605
2023/03/10,5001,3178,7915,11681,27775,0,27775,1550,0,29325,11681
2023/03/11,4478,2700,8285,11126,26588,0,26588,1550,0,28138,11126
2023/03/12,5105,2403,8260,12822,28589,0,28589,950,0,29539,12822
2023/03/13,4753,2551,8290,13216,28810,0,28810,1960,0,30770,13216
2023/03/14,4682,2393,8350,13672,29097,0,29097,1985,0,31082,13672
2023/03/15,4626,2558,8590,12354,28127,0,28127,2000,0,30127,12354
2023/03/16,4755,2586,8592,13443,29376,0,29376,1785,0,31161,13443
2023/03/17,4599,2522,8931,12557,28609,0,28609,2100,0,30709,12557
2023/03/18,4046,2164,9308,12521,28039,0,28039,1600,0,29639,12521
2023/03/19,4484,2339,9469,10250,26542,0,26542,1100,0,27642,10250
2023/03/20,4422,3019,9421,10576,27439,0,27439,1400,0,28839,10576
2023/03/21,4381,2546,11410,9262,27599,0,27599,825,0,28424,9262
2023/03/22,5639,2941,10087,8559,27227,0,27227,800,0,28027,8559
2023/03/23,5185,2923,9446,11108,28661,0,28661,700,0,29361,11108
2023/03/24,5307,2859,9450,11310,28927,0,28927,1180,0,30107,11310
2023/03/25,6014,2859,9468,9639,27981,0,27981,570,0,28551,9639
2023/03/26,6582,2698,8805,11278,29363,0,29363,645,0,30008,11278
2023/03/27,6576,2557,8326,11936,29395,0,29395,1350,0,30745,11936
2023/03/28,6935,2616,8230,11562,29343,0,29343,1155,0,30498,11562
2023/03/29,5837,2131,8799,12483,29251,0,29251,1455,0,30706,12483
2023/03/30,6845,2260,8613,12518,30236,0,30236,1380,0,31616,12518
2023/03/31,5555,1888,9708,11459,28611,0,28611,665,0,29276,11459
2023/04/01,6050,4083,11434,4141,25709,0,25709,730,0,26439,4141
2023/04/02,5605,2081,11442,9401,28528,0,28528,460,0,28988,9401
2023/04/03,5876,2619,11313,9630,29438,0,29438,950,0,30388,9630
2023/04/04,5845,3250,11350,10441,30886,0,30886,1055,0,31941,10441
2023/04/06,6789,2550,10070,11110,30519,0,30519,1070,0,31589,11110
2023/04/07,7374,2861,9479,11096,30810,0,30810,1210,0,32020,11096
2023/04/08,6572,2587,9357,10757,29273,0,29273,1360,0,30633,10757
2023/04/09,7366,2586,9197,12269,31418,0,31418,1100,0,32518,12269
2023/04/10,7269,2491,8921,13162,31842,0,31842,2030,0,33872,13162
2023/04/11,6606,2244,8751,13393,30995,0,30995,2100,0,33095,13393
2023/04/12,6746,2821,8719,13238,31525,0,31525,2000,0,33525,13238
2023/04/13,7103,2135,9458,14013,32709,0,32709,2290,0,34999,14013
2023/04/14,6525,2613,9757,13167,32062,0,32062,550,0,32612,13167
2023/04/15,6651,3138,9816,11910,31516,0,31516,1160,0,32676,11910
2023/04/16,7415,1933,9805,13462,32615,0,32615,2620,0,35235,13462
2023/04/17,7500,2961,9892,14333,34686,0,34686,3600,0,38286,14333
2023/04/18,7691,2084,10067,15641,35484,0,35484,3000,0,38484,15641
2023/04/19,8144,3472,9906,12940,34462,0,34462,3130,0,37592,12940
2023/04/20,8016,3072,10106,12815,34009,0,34009,4285,0,38294,12815
2023/04/21,7470,2270,9532,13278,32550,0,32550,3200,0,35750,13278
2023/04/22,7170,2177,9396,12307,31050,0,31050,1200,0,32250,12307
2023/04/23,7250,1768,9465,14351,32834,0,32834,1600,0,34434,14351
2023/04/24,6905,2710,9670,11751,31036,0,31036,705,0,31741,11751
2023/04/25,7168,3271,9384,12226,32049,0,32049,1530,0,33579,12226
2023/04/26,7200,2718,9288,13769,32975,0,32975,1900,0,34875,13769
2023/04/27,6680,2067,9342,15584,33673,0,33673,2125,0,35798,15584
2023/04/28,6930,2131,9241,13838,32140,0,32140,2000,0,34140,13838
2023/04/29,7436,2474,10377,12854,33141,0,33141,575,0,33716,12854
2023/04/30,6736,2449,10663,12390,32237,0,32237,690,0,32927,12390
2023/05/1,6998,4289,11553,6909,29748,0,29748,745,0,30493,6909
2023/05/2,5979,1467,11946,10710,30102,0,30102,590,0,30692,10710
2023/05/3,5888,2767,11110,11826,31590,0,31590,880,0,32470,11826
2023/05/4,6864,3106,13810,9709,33489,0,33489,30,0,33519,9709
2023/05/5,7110,3891,11956,9867,32824,0,32824,825,0,33649,9867
2023/05/6,6808,3533,11325,11043,32709,0,32709,1165,0,33874,11043
2023/05/7,7393,2555,11574,12579,34100,0,34100,1285,0,35385,12579
2023/05/8,7341,2780,12416,12980,35517,0,35517,925,0,36442,12980
2023/05/9,7426,2614,11677,13665,35382,0,35382,1010,0,36392,13665
2023/05/10,8012,3260,11343,13891,36505,0,36505,1500,0,38005,13891
2023/05/11,7377,3226,10911,13358,34872,0,34872,2100,0,36972,13358
2023/05/12,7700,2493,10699,14588,35480,0,35480,2450,0,37930,14588
2023/05/13,6568,2449,11154,14395,34566,0,34566,2400,0,36966,14395
2023/05/14,7458,2212,12009,13590,35269,0,35269,2800,0,38069,13590
2023/05/15,7284,2595,12515,8127,30521,0,30521,3500,0,34021,8127
2023/05/16,7107,3473,12710,11307,34598,0,34598,575,0,35173,11307
2023/05/17,8421,3307,13869,8248,33844,0,33844,550,0,34394,8248
2023/05/18,8400,4217,14175,7614,34406,0,34406,670,0,35076,7614
2023/05/19,8618,4576,15887,6313,35395,0,35395,1000,0,36395,6313
2023/05/20,8293,3380,15045,6052,32770,0,32770,840,0,33610,6052
2023/05/21,9067,4580,15918,5835,35401,0,35401,400,0,35801,5835
2023/05/22,9349,4713,15594,7279,36934,0,36934,920,0,37854,7279
2023/05/23,8503,3164,14774,6637,33078,0,33078,550,0,33628,6637
2023/05/24,9005,4741,15572,4233,33551,0,33551,100,0,33651,4233
2023/05/25,9233,3512,15647,5187,33579,0,33579,175,0,33754,5187
2023/05/26,8969,4410,15722,3297,32398,0,32398,0,0,32398,3297
2023/05/27,8573,5307,16310,228,30418,506,29912,0,0,29912,-278
2023/05/28,9171,4529,16388,2454,32542,0,32542,700,0,33242,2454
2023/05/29,9406,4128,15786,5667,34986,0,34986,650,0,35636,5667
2023/05/30,9402,5832,16122,6207,37563,0,37563,780,0,38343,6207
2023/05/31,9835,6461,16016,6748,39061,0,39061,1050,0,40111,6748
2023/06/1,9594,6337,15668,7014,38613,0,38613,550,0,39163,7014
2023/06/2,10073,6661,15207,7118,39058,0,39058,560,0,39618,7118
2023/06/3,9351,6469,14588,6673,37081,0,37081,490,0,37571,6673
2023/06/4,9500,5681,14616,8201,37998,0,37998,1820,0,39818,8201
2023/06/5,9500,6532,15173,7560,38766,0,38766,1800,0,40566,7560
2023/06/6,9300,6635,15731,7272,38938,0,38938,1800,0,40738,7272
2023/06/7,9169,6119,15655,7885,38827,0,38827,3140,0,41967,7885
2023/06/8,8882,6633,15540,8616,39670,0,39670,2520,0,42190,8616
2023/06/9,9104,6684,16829,7667,40284,0,40284,1150,0,41434,7667
2023/06/10,9268,7428,17687,4643,39025,0,39025,950,0,39975,4643
2023/06/11,9610,9169,18652,3905,41337,1033,40303,400,0,40703,2872
2023/06/12,10169,9617,20117,1628,41532,2230,39302,300,0,39602,-601
2023/06/13,9576,11239,22448,1662,44926,5894,39032,600,0,39632,-4232
2023/06/14,9499,11606,23056,1557,45718,7854,37864,750,0,38614,-6297
2023/06/15,9007,10137,21694,1568,42406,6688,35718,1450,0,37168,-5120
2023/06/16,9844,8952,21188,2470,42454,3992,38462,1630,0,40092,-1522
2023/06/17,9874,10661,19440,2206,42181,5475,36706,2300,0,39006,-3269
2023/06/18,10256,10020,20272,2347,42895,3735,39160,1800,0,40960,-1388
2023/06/19,9368,11506,19968,2345,43187,5194,37993,1700,0,39693,-2849
2023/06/20,9802,12036,19614,1806,43257,5194,38063,1700,0,39763,-3388
2023/06/21,11038,12587,20916,1737,46278,6980,39298,800,0,40098,-5243
2023/06/22,9687,12830,20789,2054,45360,6431,38930,450,0,39380,-4377
2023/06/23,9102,12772,20718,1627,44218,6320,37898,180,0,38078,-4693
2023/06/24,8776,12818,21039,1365,43997,7007,36990,0,0,36990,-5642
2023/06/25,9321,12811,22750,1320,46202,6577,39625,400,0,40025,-5257
2023/06/26,9750,12806,23035,1031,46622,6166,40456,430,0,40886,-5135
2023/06/27,9420,12823,22261,1512,46017,5442,40575,550,0,41125,-3930
2023/06/28,9312,12745,22459,1426,45943,7066,38877,300,0,39177,-5640
2023/06/29,8979,12830,22419,1256,45484,7961,37523,70,0,37593,-6705
2023/06/30,8469,12706,22492,619,44287,7992,36295,120,0,36415,-7373
2023/07/1,7970,12809,23145,229,44153,8901,35252,0,0,35252,-8672
2023/07/2,8814,12801,23129,346,45091,8032,37059,150,0,37209,-7686
2023/07/3,9342,12804,23714,636,46496,8270,38226,500,0,38726,-7634
2023/07/4,8512,12791,24009,371,45683,8516,37167,200,0,37367,-8145
2023/07/5,8190,12207,25267,137,45801,8579,37222,350,0,37572,-8442
2023/07/6,9671,12749,23637,772,46829,7933,38896,100,0,38996,-7161
2023/07/7,9571,12828,24519,1010,47927,8540,39387,0,0,39387,-7530
2023/07/8,9119,12652,23951,565,46288,8819,37469,0,0,37469,-8254
2023/07/9,8746,12720,24003,1404,46872,7724,39148,100,0,39248,-6320
2023/07/10,8485,12803,23892,1323,46502,7651,38851,80,0,38931,-6328
2023/07/11,9946,12820,25510,712,48988,8098,40890,0,0,40890,-7386
2023/07/12,9315,12768,22977,743,45803,9027,36776,200,0,36976,-8284
2023/07/13,8459,12732,23926,375,45492,9027,36465,180,0,36645,-8652
2023/07/14,8909,12757,25267,549,47482,10280,37202,0,0,37202,-9731
2023/07/15,8595,12478,23361,240,44674,10199,34475,80,0,34555,-9959
2023/07/16,9780,12774,24788,343,47686,8940,38746,0,0,38746,-8597
2023/07/17,9484,12780,23719,72,46055,8824,37231,0,0,37231,-8752
2023/07/18,8178,12771,23764,542,45255,7629,37626,140,0,37766,-7087
2023/07/19,8270,12657,22880,1216,45023,7058,37965,450,0,38415,-5842
2023/07/20,9232,12784,23364,1002,46381,6516,39865,870,0,40735,-5514
2023/07/21,9496,12570,24168,841,47076,6672,40404,100,0,40504,-5831
2023/07/22,9361,12651,21865,998,44875,7543,37332,1500,0,38832,-6545
2023/07/23,8787,12768,22779,871,45205,7216,37989,800,0,38789,-6345
2023/07/24,9803,12761,24273,1155,47993,6429,41564,0,0,41564,-5274
2023/07/25,8464,12360,23393,631,44848,6541,38307,180,0,38487,-5910
2023/07/26,9487,12788,24375,185,46836,6832,40004,0,0,40004,-6647
2023/07/27,9473,12764,24844,189,47270,6355,40915,120,0,41035,-6166
2023/07/28,9682,12773,25569,168,48192,7543,40649,0,0,40649,-7375
2023/07/29,8599,12570,23064,40,44273,8074,36199,480,0,36679,-8034
2023/07/30,7816,12492,24015,531,44854,8068,36786,950,0,37736,-7537
2023/07/31,8457,12741,25374,305,46877,7250,39627,180,0,39807,-6945
2023/08/1,7948,11989,24934,636,45507,5663,39844,120,0,39964,-5027
2023/08/2,8871,11321,25605,384,46181,5896,40285,0,0,40285,-5512
2023/08/3,8871,11321,25605,384,46181,5896,40285,0,0,40285,-5512
2023/08/4,8964,12815,25639,76,47495,7883,39612,280,0,39892,-7806
2023/08/5,8400,12882,25211,20,46513,8832,37680,70,0,37750,-8813
2023/08/6,8872,12705,25397,0,46973,7745,39229,0,0,39229,-7745
2023/08/7,8566,12764,22763,0,44092,8791,35301,0,0,35301,-8791
2023/08/8,8035,12740,23031,38,43844,11022,32822,170,0,32992,-10984
2023/08/9,8532,12726,24193,2,45453,10491,34962,170,0,35132,-10489
2023/08/10,8685,12871,24237,25,45819,9644,36174,250,0,36424,-9619
2023/08/11,9292,12672,25380,25,47370,9174,38195,50,0,38245,-9149
2023/08/12,8780,12679,24436,8,45903,10664,35239,0,0,35239,-10656
2023/08/13,8033,12706,22711,25,43476,9162,34314,300,0,34614,-9137
2023/08/14,7937,12805,24569,12,45323,9909,35415,30,0,35445,-9897
2023/08/15,8487,12134,25021,7,45649,7509,38140,25,0,38165,-7502
2023/08/16,9042,12056,24950,93,46141,6872,39269,25,0,39294,-6779
2023/08/17,8902,12128,24499,20,45549,6757,38791,15,0,38806,-6737
2023/08/18,8993,12285,25649,5,46933,7328,39605,0,0,39605,-7323
2023/08/19,9081,12599,25384,2,47066,9535,37530,180,0,37710,-9533
2023/08/20,9366,12854,24571,5,46796,8558,38238,0,0,38238,-8553
2023/08/21,8667,14178,23596,163,46604,8988,37616,0,0,37616,-8825
2023/08/22,7674,12833,24157,4,44668,8651,36017,0,0,36017,-8647
2023/08/23,7954,12547,23718,5,44225,10182,34043,0,0,34043,-10177
2023/08/24,7807,12836,23622,4,44269,11397,32872,180,0,33052,-11393
2023/08/25,8534,12663,22166,4,43366,10578,32788,0,0,32788,-10575
2023/08/26,7774,12545,21992,3,42315,11791,30524,0,0,30524,-11788
2023/08/27,8672,12683,21470,310,43135,10477,32658,320,0,32978,-10167
2023/08/28,8626,12798,23519,140,45084,9541,35543,80,0,35623,-9401
2023/08/29,9537,12280,24512,3,46332,9736,36596,0,0,36596,-9733
2023/08/30,8491,12545,24600,80,45716,9931,35785,40,0,35825,-9851
2023/08/31,8990,12642,24886,1,46519,10517,36003,70,0,36073,-10516
2023/08/1,9085,12817,26253,2,48157,10961,37196,0,0,37196,-10959
2023/08/2,9168,12737,24965,0,46870,10400,36470,0,0,36470,-10400
2023/08/3,9247,12719,24956,89,47011,9427,37584,120,0,37704,-9338
2023/08/4,9229,12759,26008,352,48348,9015,39333,90,0,39423,-8663
2023/08/5,9808,12806,26219,107,48941,9514,39427,0,0,39427,-9407
2023/08/6,9925,12826,26258,84,49093,8647,40446,0,0,40446,-8563
2023/08/7,9707,12728,25213,73,47720,9103,38617,250,0,38867,-9029
2023/08/8,9297,12610,25029,0,46936,9373,37563,25,0,37588,-9373
2023/08/9,8382,12058,23938,0,44378,11013,33365,0,0,33365,-11013
2023/08/10,9496,12618,24951,5,47071,9808,37262,660,0,37922,-9803
2023/08/11,10194,12749,26091,0,49035,10491,38543,150,0,38693,-10491
2023/08/12,9995,12701,26372,0,49069,10172,38897,0,0,38897,-10172
2023/08/13,10668,12796,26933,0,50397,9654,40742,0,0,40742,-9654
2023/08/14,10570,12302,26487,0,49359,9484,39876,0,0,39876,-9484
2023/08/15,10297,12717,26299,0,49313,9021,40293,0,0,40293,-9021
2023/08/16,9407,12717,26633,0,48757,10787,37970,0,0,37970,-10787
2023/08/17,9744,12718,25109,0,47570,9616,37954,0,0,37954,-9616
2023/09/18,9428,4609,23475,174,37687,4383,33304,0,0,33304,-4209
2023/09/19,10011,12709,23450,5,46175,10447,35728,0,0,35728,-10442
2023/09/20,10330,12570,23872,10,46782,11000,35782,0,0,35782,-10990
2023/09/21,10281,12641,24570,195,47686,10523,37163,110,0,37273,-10328
2023/09/22,10323,12752,24965,0,48040,12522,35518,0,0,35518,-12522
2023/09/23,9494,12808,24528,0,46829,14984,31845,0,0,31845,-14984
2023/09/25,10118,12623,25066,0,47807,14623,33184,0,0,33184,-14623
2023/09/26,10836,12565,26280,0,49681,13073,36608,0,0,36608,-13073
2023/09/27,10746,12594,27255,0,50595,11819,38776,110,0,38886,-11819
2023/09/28,10996,12763,27247,5,51011,12580,38431,250,0,38681,-12575
2023/09/29,11491,12713,27845,6,52055,12972,39084,80,0,39164,-12966
2023/09/30,9421,11645,25258,17,46341,12898,33444,350,0,33794,-12881
2023/10/1,9887,12760,26040,25,48712,13911,34800,500,0,35300,-13886
2023/10/2,9978,12480,26385,0,48843,13222,35621,80,0,35701,-13222
2023/10/3,9971,12431,26418,0,48820,14360,34460,190,0,34650,-14360
2023/10/4,9253,12763,26844,2,48863,15779,33083,0,0,33083,-15777
2023/10/5,9216,12808,26948,0,48972,14869,34103,80,0,34183,-14869
2023/10/6,9627,12851,27523,0,50000,16204,33796,0,0,33796,-16204
2023/10/7,9656,12827,26490,0,48972,16167,32805,120,0,32925,-16167
2023/10/8,10182,12863,27999,0,51043,15803,35240,50,0,35290,-15803
2023/10/9,10396,12842,27982,2,51222,14404,36819,100,0,36919,-14402
2023/10/10,10502,12717,28579,1,51799,15225,36574,0,0,36574,-15224
2023/10/11,10498,10870,28206,1,49574,12797,36778,700,0,37478,-12796
2023/10/12,10025,12831,27652,0,50508,15554,34955,120,0,35075,-15554
2023/10/13,10141,12051,28223,0,50416,15170,35246,30,0,35276,-15169
2023/10/14,9829,11435,25916,0,47180,15942,31238,100,0,31338,-15942
2023/10/15,9846,11277,27594,0,48717,15030,33687,0,0,33687,-15030
2023/10/16,9409,10852,27101,0,47362,14352,33010,0,0,33010,-14352
2023/10/17,8482,10602,25180,0,44263,14185,30079,250,0,30329,-14185
2023/10/18,9449,9860,25548,0,44857,14507,30350,0,0,30350,-14507
2023/10/19,9840,9583,26241,0,45664,15404,30260,0,0,30260,-15404
2023/10/20,8959,9369,25411,0,43740,14979,28760,0,0,28760,-14979
2023/10/21,8394,8623,24358,0,41376,16672,24704,0,0,24704,-16672
2023/10/22,7723,8876,24192,0,40792,16937,23854,0,0,23854,-16937
2023/10/23,6994,8665,23610,0,39269,17025,22244,0,0,22244,-17025
2023/10/24,5768,9186,22725,0,37678,17555,20124,0,0,20124,-17555
2023/10/25,7304,8316,23559,0,39180,16663,22517,0,0,22517,-16663
2023/10/26,7916,8903,23757,0,40576,16230,24346,0,0,24346,-16230
2023/10/27,8080,8277,25308,0,41665,15929,25736,0,0,25736,-15929
2023/10/28,7915,7929,25325,0,41169,13805,27363,0,0,27363,-13805
2023/10/29,8261,8018,24850,0,41129,14505,26624,110,0,26734,-14505
2023/10/30,8374,7925,24547,0,40846,11537,29310,0,0,29310,-11537
2023/10/31,8348,8003,23965,0,40317,11346,28971,25,0,28996,-11346
2023/11/1,8544,7190,23712,0,39447,9243,30204,110,0,30314,-9243
2023/11/3,8024,7973,23177,0,39174,8544,30630,200,0,30830,-8544
2023/11/5,8862,7070,23067,0,38999,10278,28721,65,0,28786,-10278
2023/11/6,8878,7685,23006,0,39569,9948,29621,30,0,29651,-9948
2023/11/7,8983,7249,22339,0,38571,9444,29126,0,0,29126,-9444
2023/11/8,8923,6537,22550,0,38011,8433,29578,0,0,29578,-8433
2023/11/9,9043,6803,21681,0,37527,8244,29283,0,0,29283,-8244
2023/11/10,9668,7419,21316,0,38403,8954,29449,0,0,29449,-8954
2023/11/11,9423,6587,20851,0,36861,10491,26370,0,0,26370,-10491
2023/11/12,8723,6900,20583,0,36206,11975,24231,0,0,24231,-11975
2023/11/13,8849,6744,20937,0,36530,12058,24471,0,0,24471,-12058
2023/11/14,9254,6617,21092,0,36963,12598,24365,0,0,24365,-12598
2023/11/15,9371,6181,20400,0,35952,12364,23587,0,0,23587,-12364
2023/11/16,8977,6598,20296,0,35870,12543,23328,0,0,23328,-12543
2023/11/17,9231,6593,20437,0,36262,11281,24981,0,0,24981,-11281
2023/11/18,8555,6080,20269,0,34904,11069,23835,0,0,23835,-11069
2023/11/19,8922,6380,20577,0,35879,12265,23614,0,0,23614,-12265
2023/11/20,8630,5389,20206,0,34225,10216,24009,0,0,24009,-10216
2023/11/21,9083,6125,20330,0,35539,10341,25198,0,0,25198,-10341
2023/11/22,9406,6440,19690,0,35535,8419,27116,0,0,27116,-8419
2023/11/23,9268,6026,19744,0,35038,7425,27613,950,0,28563,-7425
2023/11/24,9760,6061,19478,0,35300,7466,27834,0,0,27834,-7466
2023/11/25,8489,5620,19260,0,33368,7041,26327,0,0,26327,-7041
2023/11/26,9457,5944,18833,0,34234,6073,28161,100,0,28261,-6073
2023/11/27,8286,5642,18722,0,32651,4689,27961,245,0,28206,-4689
2023/11/28,8677,5512,18587,0,32776,4281,28496,100,0,28596,-4281
2023/11/29,8266,5476,18369,0,32111,3196,28915,35,0,28950,-3196
2023/11/30,8240,5476,17558,0,31273,2729,28544,130,0,28674,-2729
2023/12/1,8109,5281,17305,308,31003,1689,29314,225,0,29539,-1381
2023/12/2,7612,4860,17196,119,29786,2054,27732,0,0,27732,-1935
2023/12/3,8132,5442,17083,187,30843,1434,29409,25,0,29434,-1247
2023/12/4,8057,4960,17088,1103,31209,971,30238,485,0,30723,133
2023/12/4,8057,4960,17088,1103,31209,971,30238,485,0,30723,133
2023/12/6,8217,5008,16738,827,30790,211,30579,115,0,30694,616
2023/12/7,8426,4575,16953,2072,32026,151,31875,15,0,31890,1921
2023/12/8,7834,4928,16721,2136,31619,262,31357,0,0,31357,1874
2023/12/9,6970,4368,16711,1006,29054,204,28850,0,0,28850,802
2023/12/10,7561,4667,16540,1682,30451,379,30072,0,0,30072,1303
2023/12/11,7581,4938,16625,1851,30996,300,30696,0,0,30696,1551
2023/12/12,8069,4772,16267,2143,31250,104,31146,100,0,31246,2039
2023/12/13,7858,4391,16146,3453,31849,63,31786,25,0,31811,3390
2023/12/14,7400,4460,16048,3717,31625,54,31571,70,0,31641,3663
2023/12/15,8005,4587,15910,3664,32166,63,32103,0,0,32103,3601
2023/12/16,6453,4155,15642,2741,28991,112,28879,0,0,28879,2629
2023/12/17,7868,4503,15435,3330,31136,77,31059,15,0,31074,3253
2023/12/18,9018,4239,15359,4384,33001,0,33001,30,0,33031,4384
2023/12/19,7212,4196,14919,4851,31178,0,31178,170,0,31348,4851
2023/12/20,7144,4102,15338,5086,31669,0,31669,60,0,31729,5086
2023/12/21,7483,4374,15206,4462,31525,0,31525,200,0,31725,4462
2023/12/22,7342,4114,15142,5399,31997,0,31997,300,0,32297,5399
2023/12/23,6335,3819,15007,4158,29319,334,28985,165,0,29150,3824
2023/12/24,7179,4185,14813,4729,30906,636,30270,135,0,30405,4093
2023/12/25,6946,3802,14681,5159,30588,468,30120,145,0,30265,4692
2023/12/26,6754,4020,14720,4633,30126,815,29311,280,0,29591,3817
2023/12/27,7144,4237,14662,3954,29998,245,29753,210,0,29963,3709
2023/12/28,7116,3801,14426,4841,30184,35,30149,220,0,30369,4806
2023/12/29,7116,4006,14395,4440,29957,0,29957,540,0,30497,4440
2023/12/30,6514,3688,14196,3952,28349,0,28349,0,0,28349,3952
2024/01/1,6756,3772,13752,5148,29428,0,29428,365,0,29793,5148
2024/01/2,6658,3792,13048,5700,29198,0,29198,340,0,29538,5700
2024/01/3,7123,3570,13547,6160,30400,0,30400,450,0,30850,6160
2024/01/4,6601,3606,13445,6167,29818,0,29818,620,0,30438,6167
2024/01/5,6884,3732,13309,6301,30226,0,30226,730,0,30956,6301
2024/01/6,5850,3429,12834,4995,27109,0,27109,200,0,27309,4995
2024/01/7,6540,3412,13198,7217,30367,0,30367,300,0,30667,7217
2024/01/8,6562,3520,13121,7380,30582,0,30582,455,0,31037,7380
2024/01/9,6508,3455,13031,7717,30711,0,30711,440,0,31151,7717
2024/01/10,6455,3390,12850,7901,30597,0,30597,535,0,31132,7901
2024/01/11,6152,3499,12824,8602,31077,0,31077,520,0,31597,8602
2024/01/12,6280,3301,12617,7695,29892,0,29892,520,0,30412,7695
2024/01/13,6548,3468,12875,7788,30678,0,30678,660,0,31338,7788
2024/01/14,6831,3159,12616,8369,30975,0,30975,680,0,31655,8369
2024/01/15,5646,3388,12612,7783,29431,0,29431,280,0,29711,7783
2024/01/16,6790,3535,12199,8237,30760,150,30610,950,0,31560,8087
2024/01/17,6787,3465,12503,9233,31987,0,31987,1575,0,33562,9233
2024/01/18,6901,3300,12326,9548,32075,0,32075,1965,0,34040,9548
2024/01/19,6920,3208,12239,9510,31877,0,31877,1900,0,33777,9510
2024/01/20,5959,3238,12062,9707,30967,0,30967,1675,0,32642,9707
2024/01/21,6737,3265,12054,10758,32813,0,32813,1845,0,34658,10758
2024/01/22,6715,3081,11700,11060,32557,0,32557,1845,0,34402,11060
2024/01/23,6429,3092,11655,11211,32387,0,32387,1845,0,34232,11211
2024/01/24,6642,3027,11678,11358,32705,0,32705,1855,0,34560,11358
2024/01/25,6664,3182,11758,11434,33038,0,33038,1825,0,34863,11434
2024/01/26,6496,2805,11948,12319,33567,0,33567,2360,0,35927,12319
2024/01/27,5697,3361,11659,11349,32066,0,32066,1515,0,33581,11349
2024/01/28,6376,2699,11676,12468,33219,0,33219,1925,0,35144,12468
2024/01/29,6488,3245,11247,11064,32043,0,32043,2550,0,34593,11064
2024/01/30,6312,3082,11282,11540,32216,0,32216,2065,0,34281,11540
2024/01/31,5685,2905,11586,11662,31839,0,31839,2700,0,34539,11662
2024/02/1,5768,2945,11629,12169,32511,0,32511,2145,0,34656,12169
2024/02/2,5648,2723,11290,12390,32050,0,32050,2365,0,34415,12390
2024/02/3,5287,2404,11858,10769,30318,0,30318,1645,0,31963,10769
2024/02/4,5176,2876,11498,13593,33142,0,33142,1595,0,34737,13593
2024/02/5,5213,2898,11416,11196,30723,0,30723,2090,0,32813,11196
2024/02/6,5237,2921,11466,12951,32575,0,32575,1550,0,34125,12951
2024/02/7,6099,3157,11217,12440,32912,0,32912,2540,0,35452,12440
2024/02/9,4850,2820,11173,12919,31762,0,31762,2095,0,33857,12919
2024/02/10,4602,2787,10969,11623,29982,0,29982,2135,0,32117,11623
2024/02/11,5087,2383,10990,12850,31310,0,31310,2160,0,33470,12850
2024/02/12,5297,2911,10792,12213,31213,0,31213,2035,0,33248,12213
2024/02/13,5086,2857,10899,12579,31420,0,31420,1835,0,33255,12579
2024/02/14,4954,2542,10817,14159,32472,0,32472,2040,0,34512,14159
2024/02/15,4670,2523,11065,13012,31270,0,31270,1865,0,33135,13012
2024/02/16,5091,2991,10833,13513,32429,0,32429,1250,0,33679,13513
2024/02/17,4683,2398,10858,11912,29852,0,29852,2230,0,32082,11912
2024/02/18,4936,2695,10870,13328,31829,0,31829,1565,0,33394,13328
2024/02/19,4763,2775,10793,13096,31426,0,31426,1840,0,33266,13096
2024/02/20,5137,2497,10918,12071,30623,0,30623,2065,0,32688,12071
2024/02/21,5004,2748,10600,13936,32289,0,32289,1975,0,34264,13936
2024/02/22,4727,2615,10398,12879,30619,0,30619,1850,0,32469,12879
2024/02/23,5328,2415,10762,12341,30846,0,30846,1745,0,32591,12341
2024/02/24,4564,2762,10334,12190,29850,0,29850,2100,0,31950,12190
2024/02/25,4887,2293,10175,13770,31125,0,31125,2125,0,33250,13770
2024/02/26,4811,2941,10261,14094,32107,0,32107,2155,0,34262,14094
2024/02/27,4701,2590,10111,14742,32145,0,32145,1850,0,33995,14742
2024/02/28,4781,2464,9951,15063,32258,0,32258,1900,0,34158,15063
2024/02/29,4616,2574,9918,14692,31799,0,31799,1900,0,33699,14692
2024/03/1,4599,2441,10014,14163,31217,0,31217,2200,0,33417,14163
2024/03/2,4644,2379,10150,12654,29828,0,29828,1465,0,31293,12654
2024/03/3,5304,2457,10741,13440,31942,0,31942,1265,0,33207,13440
2024/03/4,4994,2680,10683,13153,31509,0,31509,1175,0,32684,13153
2024/03/5,5055,2667,10244,13569,31536,0,31536,1500,0,33036,13569
2024/03/6,4839,2575,9846,13553,30813,0,30813,1400,0,32213,13553
2024/03/7,5169,2602,9775,14152,31698,0,31698,1240,0,32938,14152
2024/03/8,4500,2433,9165,13892,29991,0,29991,1330,0,31321,13892
2024/03/9,4515,2404,9112,12376,28406,0,28406,1200,0,29606,12376
2024/03/10,4595,2205,9694,15081,31574,0,31574,1370,0,32944,15081
2024/03/11,4484,2634,9932,14080,31130,0,31130,2320,0,33450,14080
2024/03/12,4949,2501,9742,13985,31177,0,31177,1435,0,32612,13985
2024/03/13,4819,1725,9491,14805,30839,0,30839,2111,0,32950,14805
2024/03/14,4944,2964,9473,13731,31111,0,31111,1830,0,32941,13731
2024/03/15,4829,2686,9377,14966,31858,0,31858,1275,0,33133,14966
2024/03/16,4338,2115,9381,12966,28800,0,28800,2280,0,31080,12966
2024/03/17,4781,1937,9362,14152,30231,0,30231,1830,0,32061,14152
2024/03/18,4644,2838,9403,14974,31859,0,31859,1760,0,33619,14974
2024/03/19,4835,2294,9428,16347,32904,0,32904,1950,0,34854,16347
2024/03/20,4157,1850,9404,15927,31339,0,31339,1020,0,32359,15927
2024/03/21,4575,2244,11352,12163,30334,0,30334,806,0,31140,12163
2024/03/22,4570,2964,11047,10914,29494,0,29494,425,0,29919,10914
2024/03/23,4048,2445,11256,11813,29562,0,29562,600,0,30162,11813
2024/03/24,5292,2616,11199,8573,27680,0,27680,0,0,27680,8573
2024/03/25,5161,1726,11745,5462,24095,0,24095,100,0,24195,5462
2024/03/26,5858,3201,11172,4675,24905,0,24905,120,0,25025,4675
2024/03/27,5850,2830,11581,10243,30505,0,30505,120,0,30625,10243
2024/03/28,4960,2232,11943,11931,31067,0,31067,120,0,31187,11931
2024/03/29,5404,2655,13162,11928,33149,0,33149,100,0,33249,11928
2024/03/30,6052,2365,12821,10217,31456,0,31456,100,0,31556,10217
2024/03/31,7247,3788,13377,9397,33809,0,33809,675,0,34484,9397
2024/04/1,6757,2766,13156,9572,32250,0,32250,3240,0,35490,9572
2024/04/2,6134,2747,12483,10409,31773,0,31773,3150,0,34923,10409
2024/04/3,7291,2691,12519,9944,32445,0,32445,3300,0,35745,9944
2024/04/4,6987,2577,11892,10416,31872,0,31872,4400,0,36272,10416
2024/04/5,7296,2488,11369,12124,33277,0,33277,4125,0,37402,12124
2024/04/6,6384,2417,10883,11811,31495,0,31495,3465,0,34960,11811
2024/04/7,6914,2389,10722,12887,32912,0,32912,3670,0,36582,12887
2024/04/8,6920,2445,10664,13348,33378,0,33378,3400,0,36778,13348
2024/04/9,6997,2344,10320,12741,32403,0,32403,4145,0,36548,12741
2024/04/10,7020,2317,9774,13084,32194,0,32194,4175,0,36369,13084
2024/04/11,6354,1715,9881,13606,31556,0,31556,3655,0,35211,13606
2024/04/12,6647,3001,10576,12605,32830,0,32830,3145,0,35975,12605
2024/04/13,6184,2366,11171,10718,30440,0,30440,2800,0,33240,10718
2024/04/14,7306,2887,11829,12390,34412,0,34412,2246,0,36658,12390
2024/04/15,7322,2864,12487,12895,35568,0,35568,3051,0,38619,12895
2024/04/16,7318,2904,13189,11825,35236,0,35236,2540,0,37776,11825
2024/04/17,7288,3078,14316,11592,36274,0,36274,2235,0,38509,11592
2024/04/18,7882,3800,14192,9658,35532,0,35532,3310,0,38842,9658
2024/04/19,8269,3586,14288,9830,35973,0,35973,3350,0,39323,9830
2024/04/20,8221,3776,14182,8409,34588,0,34588,3190,0,37778,8409
2024/04/21,7852,3685,13737,10650,35924,0,35924,2395,0,38319,10650
2024/04/22,9001,3501,13642,11384,37528,0,37528,3000,0,40528,11384
2024/04/23,8683,3379,12750,10543,35355,0,35355,2900,0,38255,10543
2024/04/24,8774,3168,12181,10734,34857,0,34857,4070,0,38927,10734
2024/04/25,8016,2988,11693,14179,36875,0,36875,3700,0,40575,14179
2024/04/26,8524,2950,11899,13698,37070,0,37070,3320,0,40390,13698
2024/04/27,7397,3139,12158,12027,34720,0,34720,3425,0,38145,12027
2024/04/28,9128,3418,11795,12741,37082,0,37082,3185,0,40267,12741
2024/04/29,8864,3678,12406,13542,38491,0,38491,3630,0,42121,13542
2024/04/30,8196,3331,12645,14108,38280,0,38280,3820,0,42100,14108
2024/05/1,7628,3927,12247,12035,35838,0,35838,2810,0,38648,12035
2024/05/2,8136,3275,10963,14218,36592,0,36592,3325,0,39917,14218
2024/05/3,8032,3155,11980,13676,36842,0,36842,2635,0,39477,13676
2024/05/4,7755,3556,12721,10619,34650,0,34650,3600,0,38250,10619
2024/05/5,8878,3252,12124,12580,36834,0,36834,3065,0,39899,12580
2024/05/6,8473,3315,12426,11459,35673,0,35673,3060,0,38733,11459
2024/05/7,7251,2508,12220,11805,33784,0,33784,2595,0,36379,11805
2024/05/8,6967,3437,12344,9374,32122,0,32122,2145,0,34267,9374
2024/05/9,7633,2601,12071,11862,34167,0,34167,2555,0,36722,11862
2024/05/10,7837,2838,13053,10933,34660,0,34660,3110,0,37770,10933
2024/05/11,7221,3423,13493,10795,34932,0,34932,2957,0,37889,10795
2024/05/12,7074,3111,15335,7364,32885,0,32885,2600,0,35485,7364
2024/05/13,8301,4023,15286,8983,36593,0,36593,2220,0,38813,8983
2024/05/14,9263,3252,14098,11132,37746,0,37746,2820,0,40566,11132
2024/05/15,9299,3031,14135,11702,38167,0,38167,3575,0,41742,11702
2024/05/16,9517,3753,14191,11453,38914,0,38914,3035,0,41949,11453
2024/05/17,9308,3414,14214,13238,40175,0,40175,3070,0,43245,13238
2024/05/18,7973,3629,14552,10837,36991,0,36991,1950,0,38941,10837
2024/05/19,8342,4144,16681,9024,38192,0,38192,3020,0,41212,9024
2024/05/20,7656,4088,16542,8148,36434,2,36432,1825,0,38257,8146
2024/05/21,8532,3750,15854,9028,37163,0,37163,1750,0,38913,9028
2024/05/22,8287,3998,17272,8629,38186,0,38186,2865,0,41051,8629
2024/05/23,8154,5692,17593,6134,37573,0,37573,2560,0,40133,6134
2024/05/24,9374,4516,16741,10173,40805,0,40805,2600,0,43405,10173
2024/05/25,8586,4282,18074,8292,39234,0,39234,2600,0,41834,8292
2024/05/26,8793,8050,20223,5468,42535,1953,40582,870,0,41452,3515
2024/05/27,9456,7516,21268,4127,42367,1371,40996,1800,0,42796,2756
2024/05/28,10316,10075,24124,3118,47633,6258,41376,575,0,41951,-3139
2024/05/29,11553,9287,23423,3726,47988,4825,43164,1400,0,44564,-1099
2024/05/30,10473,7752,20942,5049,44216,4766,39450,2700,0,42150,283
2024/05/31,10027,3747,20338,5099,39211,3174,36037,2250,0,38287,1925
2024/06/1,9360,7609,19630,3201,39800,2754,37046,2600,0,39646,448
2024/06/2,10714,7657,19519,3628,41518,3225,38293,2160,0,40453,403
2024/06/3,11563,6484,18439,5247,41732,1555,40178,1720,0,41898,3692
2024/06/4,9767,6918,19256,3299,39240,3211,36028,1475,0,37503,88
2024/06/5,10785,8299,18911,4332,42327,2496,39832,2290,0,42122,1836
2024/06/6,9656,7872,17819,3584,38931,2932,35999,3290,0,39289,652
2024/06/7,9882,7789,19159,5654,42484,1652,40832,2650,0,43482,4003
2024/06/8,9574,8782,19803,3965,42124,2217,39907,2450,0,42357,1748
2024/06/9,10111,9860,19920,5161,45052,1663,43390,1045,0,44435,3498
2024/06/10,10359,10781,20516,3974,45629,2116,43514,1350,0,44864,1858
2024/06/11,9985,11381,21580,3119,46065,2766,43298,1795,0,45093,352
2024/06/12,9973,11660,22691,3644,47968,3645,44322,2150,0,46472,-1
2024/06/13,10246,11681,21000,3166,46092,4578,41514,1900,0,43414,-1412
2024/06/14,10420,11827,21989,3159,47394,6069,41325,1686,0,43011,-2910
2024/06/15,10085,12371,22226,2857,47538,7335,40203,1275,0,41478,-4478
2024/06/16,10635,12556,23575,955,47721,6232,41489,3225,0,44714,-5277
2024/06/17,10364,11474,24296,1150,47285,6199,41087,2775,0,43862,-5049
2024/06/18,10377,12192,25472,1877,49918,8717,41201,2175,0,43376,-6840
2024/06/19,9677,12776,28138,1312,51902,11756,40146,250,0,40396,-10445
2024/06/20,9308,12320,26366,263,48257,12442,35815,300,0,36115,-12179
2024/06/21,10241,12802,28873,1211,53127,11741,41386,190,0,41576,-10530
2024/06/22,10152,12891,27793,579,51415,11342,40073,620,0,40693,-10763
2024/06/23,9932,12899,30684,1618,55133,10191,44942,1200,0,46142,-8573
2024/06/24,9519,10793,30288,2279,52879,8080,44799,2306,0,47105,-5801
2024/06/25,9481,12840,29450,1884,53654,10972,42682,1125,0,43807,-9088
2024/06/26,8598,12924,27211,1112,49844,11025,38819,300,0,39119,-9913
2024/06/27,9627,12880,30513,213,53234,11072,42162,75,0,42237,-10859
2024/06/28,10070,12920,30896,140,54025,11661,42364,100,0,42464,-11521
2024/06/29,8463,12981,29754,44,51242,12683,38559,375,0,38934,-12639
2024/06/30,9607,12921,31343,18,53889,12671,41218,0,0,41218,-12653
2024/07/1,10119,12662,32533,0,55315,13976,41339,0,0,41339,-13976
2024/07/2,9334,12950,31350,0,53634,15118,38516,0,0,38516,-15118
2024/07/3,8584,12910,31483,0,52977,15398,37579,0,0,37579,-15398
2024/07/4,9277,12879,32302,0,54458,14247,40211,40,0,40251,-14247
2024/07/5,9031,12968,30832,0,52831,14775,38056,0,0,38056,-14775
2024/07/6,5720,4672,29202,115,39709,8785,30924,500,0,31424,-8670
2024/07/7,7712,12882,29870,0,50465,16095,34370,0,0,34370,-16095
2024/07/8,9054,12422,32420,0,53896,15619,38277,0,0,38277,-15619
2024/07/9,9471,12936,32490,0,54896,16033,38863,0,0,38863,-16033
2024/07/10,8783,12790,33380,0,54952,17028,37924,0,0,37924,-17028
2024/07/11,8281,12792,34235,0,55309,16787,38522,0,0,38522,-16787
2024/07/12,8648,12897,30873,0,52418,17917,34501,0,0,34501,-17917
2024/07/13,8450,12099,31485,0,52033,17301,34732,0,0,34732,-17301
2024/07/14,9386,11815,33668,0,54869,17228,37640,0,0,37640,-17228
2024/07/15,10285,12740,33358,0,56383,16025,40358,125,0,40483,-16025
2024/07/16,9989,12343,30880,0,53212,16503,36709,0,0,36709,-16503
2024/07/17,9444,12953,31569,0,53966,16482,37484,0,0,37484,-16482
2024/07/18,9747,13000,32533,0,55280,15575,39705,0,0,39705,-15575
2024/07/19,10301,12761,31298,0,54360,15772,38588,0,0,38588,-15772
2024/07/20,9442,12937,32007,0,54386,17253,37133,125,0,37258,-17253
2024/07/21,10424,12736,32259,0,55419,15514,39905,25,0,39930,-15514
2024/07/22,9899,12653,33971,0,56523,16597,39926,110,0,40036,-16597
2024/07/23,9917,13031,34807,0,57756,16762,40994,0,0,40994,-16762
2024/07/24,9208,12455,35405,0,57069,15445,41624,10,0,41634,-15445
2024/07/25,10025,12943,35840,0,58808,15525,43283,0,0,43283,-15525
2024/07/26,9441,12747,37138,0,59326,15011,44315,110,0,44425,-15011
2024/07/27,8756,12889,35959,0,57605,15701,41904,450,0,42354,-15701
2024/07/28,9203,12718,35561,0,57482,14280,43202,2400,0,45602,-14280
2024/07/29,10064,12954,36437,0,59455,13445,46010,900,0,46910,-13445
2024/07/30,9808,12987,37926,0,60721,14122,46599,360,0,46959,-14122
2024/07/31,8886,12911,34880,0,56677,14293,42384,325,0,42709,-14293
2024/08/1,8727,12953,35715,0,57395,15881,41514,800,0,42314,-15881
2024/08/2,9066,11490,32817,0,53374,15108,38266,800,0,39066,-15108
2024/08/3,8534,10028,33038,0,51600,16408,35192,400,0,35592,-16408
2024/08/4,9761,10910,34204,0,54874,14447,40427,200,0,40627,-14447
2024/08/5,10140,10446,36672,0,57257,13730,43527,1080,0,44607,-13730
2024/08/6,9298,10512,33676,0,53486,15112,38374,0,0,38374,-15112
2024/08/7,9276,13054,35114,0,57444,17085,40359,150,0,40509,-17085
2024/08/8,9883,7978,37757,0,55618,14357,41261,100,0,41361,-14357
2024/08/9,0,0,0,0,0,0,0,0,0,0,0
2024/08/10,0,0,0,0,0,0,0,0,0,0,0
2024/08/11,0,0,0,0,0,0,0,0,0,0,0
2024/08/12,0,0,0,0,0,0,0,0,0,0,0
2024/08/13,10087,8945,37241,0,56274,14460,41814,650,0,42464,-14460
2024/08/14,9260,12805,37423,0,59488,17097,42391,0,0,42391,-17097
2024/08/15,9685,12100,37977,0,59762,16249,43513,70,0,43583,-16249
2024/08/16,9939,13030,37546,0,60515,16368,44147,0,0,44147,-16368
2024/08/17,9360,12998,36804,0,59163,17621,41542,0,0,41542,-17621
2024/08/18,8477,12962,36114,0,57553,17761,39792,0,0,39792,-17761
2024/08/19,9079,12059,35122,0,56260,18114,38146,0,0,38146,-18114
2024/08/20,8583,13016,34485,0,56084,17765,38319,0,0,38319,-17765
2024/08/21,7993,12946,34580,0,55518,17682,37836,0,0,37836,-17682
2024/08/22,8059,12896,36605,0,57561,17604,39957,550,0,40507,-17604
2024/08/23,8161,12992,36383,0,57536,17591,39945,0,0,39945,-17591
2024/08/24,7912,12949,36297,0,57158,17688,39470,50,0,39520,-17688
2024/08/26,8381,11759,37562,0,57702,15843,41859,0,0,41859,-15843
2024/08/27,8630,12873,37760,0,59263,17244,42019,0,0,42019,-17244
2024/08/28,8713,12994,38658,0,60365,17274,43091,0,0,43091,-17274
2024/08/29,9520,13028,39823,0,62371,18886,43485,690,0,44175,-18886
2024/08/30,9467,12431,40343,0,62241,18231,44010,300,0,44310,-18231
2024/08/31,9421,12998,39036,0,61455,18593,42862,0,0,42862,-18593
2024/09/3,8026,13046,39186,0,60257,18079,42178,0,0,42178,-18079
2024/09/4,8433,13060,40520,0,62013,18247,43766,400,0,44166,-18247
2024/09/5,9635,12615,39037,0,61287,17378,43909,350,0,44259,-17378
2024/09/6,8795,13033,39402,0,61230,18242,42988,320,0,43308,-18242
2024/09/7,7559,13090,38137,76,58862,18714,40148,900,0,41048,-18638
2024/09/8,7886,13064,38739,236,59925,19846,40079,450,0,40529,-19610
2024/09/9,8253,12761,39168,226,60407,20343,40064,0,0,40064,-20117
2024/09/10,8933,13060,41114,241,63348,18732,44616,0,0,44616,-18491
2024/09/11,9049,13063,42068,210,64390,18164,46225,25,0,46250,-17954
2024/09/12,9584,13004,41404,186,64177,17694,46483,0,0,46483,-17508
2024/09/13,9698,12948,40616,114,63376,16954,46422,400,0,46822,-16840
2024/09/14,8136,13050,36759,258,58204,16026,42177,1450,0,43627,-15768
2024/09/15,8995,12582,38326,308,60212,16703,43509,583,0,44092,-16394
2024/09/16,6902,13036,36428,196,56562,17572,38990,150,0,39140,-17376
2024/09/17,7473,12564,37145,205,57388,17241,40146,50,0,40196,-17036
2024/09/18,8106,12816,37520,195,58637,17687,40950,0,0,40950,-17492
2024/09/17,9428,4609,23570,174,37782,4383,33400,0,0,33400,-4209
2024/09/18,10011,12709,23546,5,46271,10447,35824,0,0,35824,-10442
2024/09/19,10330,12570,23980,10,46890,11000,35890,0,0,35890,-10990
2024/09/20,10281,12641,24717,195,47833,10523,37310,110,0,37420,-10328
2024/09/21,10323,12752,25100,0,48175,12522,35652,0,0,35652,-12522
2024/09/22,9494,12808,24586,0,46888,14984,31904,0,0,31904,-14984
2024/09/23,10135,12731,25057,0,47923,14891,33032,110,0,33142,-14891
2024/09/24,10118,12623,25264,0,48005,14623,33382,0,0,33382,-14623
2024/09/25,10836,12565,26378,0,49779,13073,36706,0,0,36706,-13073
2024/09/26,10746,12594,27495,0,50836,11819,39016,110,0,39126,-11819
2024/09/27,10996,12763,27384,5,51148,12580,38568,250,0,38818,-12575
2024/09/28,11491,12713,28003,6,52213,12972,39242,80,0,39322,-12966
2024/09/29,9421,11645,25370,17,46453,12898,33556,350,0,33906,-12881
2024/09/30,9887,12760,26040,25,48712,13911,34800,500,0,35300,-13886
2024/10/1,9978,12480,26385,0,48843,13222,35621,80,0,35701,-13222
2024/10/2,9971,12431,26418,0,48820,14360,34460,190,0,34650,-14360
2024/10/3,9253,12763,26844,2,48863,15779,33083,0,0,33083,-15777
2024/10/4,9216,12808,27225,0,49249,14869,34379,80,0,34459,-14869
2024/10/5,9627,12851,27800,0,50277,16204,34073,0,0,34073,-16204
2024/10/6,9656,12827,26766,0,49249,16167,33082,120,0,33202,-16167
2024/10/7,10182,12863,27999,0,51043,15803,35240,50,0,35290,-15803
2024/10/8,10396,12842,27982,2,51222,14404,36819,100,0,36919,-14402
2024/10/9,10502,12717,28579,1,51799,15225,36574,0,0,36574,-15224
2024/10/10,10498,10870,28206,1,49574,12797,36778,700,0,37478,-12796
2024/10/11,10025,12831,27652,0,50508,15554,34955,120,0,35075,-15554
2024/10/12,10141,12051,28223,0,50416,15170,35246,30,0,35276,-15169
2024/10/13,9829,11435,25916,0,47180,15942,31238,100,0,31338,-15942
2024/10/14,9846,11277,27594,0,48717,15030,33687,0,0,33687,-15030
2024/10/15,9409,10852,27101,0,47362,14352,33010,0,0,33010,-14352
2024/10/16,8482,10602,25180,0,44263,14185,30079,250,0,30329,-14185
2024/10/17,10142,2138,31793,0,44073,9813,34261,25,0,34286,-9813
2024/10/18,10040,2155,32974,0,45169,9932,35237,75,0,35312,-9932
2024/10/19,9567,2057,31825,0,43448,10222,33227,40,0,33267,-10222
2024/10/20,10129,2105,31954,0,44187,9808,34379,160,0,34539,-9808
2024/10/21,10309,2155,31766,0,44231,9738,34492,130,0,34622,-9738
2024/10/22,10276,2155,31986,0,44417,8919,35498,140,0,35638,-8919
2024/10/23,10125,2155,32020,0,44300,8076,36224,100,0,36324,-8076
2024/10/24,10171,2155,31983,0,44310,8069,36241,225,0,36466,-8069
2024/10/25,9554,2155,30868,0,42577,9655,32922,180,0,33102,-9655
2024/10/26,9183,2155,31125,0,42463,11106,31357,180,0,31537,-11106
2024/10/27,9639,2155,32072,0,43866,9649,34217,150,0,34367,-9649
2024/10/28,9604,2120,31577,0,43301,8649,34652,150,0,34802,-8649
2024/10/29,9561,2114,31878,0,43553,8634,34918,240,0,35158,-8634
2024/10/30,9333,2110,30816,0,42260,7572,34687,130,0,34817,-7572
2024/10/31,9716,2110,28751,0,40577,10261,30316,0,0,30316,-10261
2024/11/1,9618,2152,28311,0,40081,10281,29800,0,0,29800,-10281
2024/11/2,9333,2135,28144,0,39612,10600,29012,0,0,29012,-10600
2024/11/3,9604,2120,31577,0,43301,8649,34652,150,0,34802,-8649
2024/11/4,9604,2120,31577,0,43301,8649,34652,150,0,34802,-8649
2024/11/5,8957,2148,29575,0,40680,12640,28040,30,0,28070,-12640
2024/11/6,8735,2152,29492,0,40379,11038,29341,0,0,29341,-11038
2024/11/7,8973,2133,27967,0,39073,12056,27017,0,0,27017,-12056
2024/11/8,9032,2111,28087,0,39231,12054,27176,0,0,27176,-12054
2024/11/9,8965,2140,28397,0,39502,12033,27469,0,0,27469,-12033
2024/11/10,9384,2149,29139,0,40672,10734,29938,50,0,29988,-10734
2024/11/11,9352,2155,29041,0,40548,9832,30716,100,0,30816,-9832
2024/11/12,9200,2147,28258,0,39604,8330,31274,80,0,31354,-8330
2024/11/13,9142,2148,27651,0,38941,7693,31248,75,0,31323,-7693
2024/11/14,9697,2149,27548,0,39394,8066,31328,80,0,31408,-8066
2024/11/15,9781,2153,27451,0,39385,7027,32358,75,0,32433,-7027
2024/11/16,9165,2153,26396,0,37713,7332,30381,50,0,30431,-7332
2024/11/17,9608,2155,26824,0,38588,6340,32249,60,0,32309,-6340
2024/11/18,10041,2154,25687,0,37882,5912,31970,330,0,32300,-5912
2024/11/19,9474,2154,25065,0,36693,4396,32297,300,0,32597,-4396
2024/11/20,9187,2153,25216,0,36556,3809,32747,400,0,33147,-3809
2024/11/21,9066,2102,25040,0,36208,3417,32791,365,0,33156,-3417
2024/11/22,9130,2141,24772,0,36043,3591,32452,200,0,32652,-3591
2024/11/23,9788,2144,24445,0,36378,5540,30838,50,0,30888,-5540
2024/11/24,8823,2131,24271,0,35225,3441,31784,400,0,32184,-3441
2024/11/25,9681,2105,23944,0,35729,3234,32495,275,0,32770,-3234
2024/11/26,8931,2223,24203,0,35357,2388,32969,220,0,33189,-2388
2024/11/27,9415,2058,23383,458,35314,2645,32669,300,0,32969,-2187
2024/11/28,8524,1978,23069,496,34068,2224,31844,330,0,32174,-1728
2024/11/29,8893,1973,24070,308,35245,2294,32951,800,0,33751,-1986
2024/12/1,8059,3231,22405,340,34035,1636,32399,550,0,32949,-1296
2024/12/2,8183,2893,22180,925,34180,1180,33001,550,0,33551,-255
2024/12/3,7962,2785,21318,1276,33340,753,32588,1200,0,33788,523
2024/12/4,8518,3108,21428,1832,34886,965,33921,1500,0,35421,867
2024/12/5,7887,2770,20762,1905,33324,420,32904,1300,0,34204,1485
2024/12/6,8188,2397,21040,1794,33418,346,33072,1320,0,34392,1448
2024/12/7,7692,2423,20674,1197,31986,444,31542,600,0,32142,753
2024/12/8,7935,2864,20263,1197,32259,651,31608,1200,0,32808,546
2024/12/9,7931,2467,19799,2244,32441,294,32147,1350,0,33497,1950
2024/12/10,7908,2948,19337,2354,32547,226,32321,1400,0,33721,2128
2024/12/11,8042,2989,20293,2267,33591,129,33462,1215,0,34677,2138
2024/12/12,7972,2896,19171,2901,32940,155,32785,1900,0,34685,2746
2024/12/13,7636,2836,19130,2667,32269,21,32248,2000,0,34248,2646
2024/12/14,8133,2814,18872,2223,32042,10,32032,2200,0,34232,2213
2024/12/15,8424,2807,18422,3214,32866,0,32866,2450,0,35316,3214
2024/12/16,8124,2736,17635,3699,32193,0,32193,3800,0,35993,3699
2024/12/17,7920,2828,18468,4448,33664,0,33664,2050,0,35714,4448
2024/12/18,7914,2445,18489,4361,33209,0,33209,3200,0,36409,4361
2024/12/19,7745,2892,18655,4623,33915,0,33915,2400,0,36315,4623
2024/12/20,8159,2870,18255,5034,34318,0,34318,1800,0,36118,5034
2024/12/21,6956,2850,18069,5380,33254,0,33254,2200,0,35454,5380
2024/12/22,7496,2716,17898,5659,33769,0,33769,2450,0,36219,5659
2024/12/23,7521,2796,18072,6000,34389,0,34389,1650,0,36039,6000
2024/12/24,7640,3321,17580,7310,35851,0,35851,2700,0,38551,7310
2024/12/25,7205,5874,17602,4227,34908,0,34908,1600,0,36508,4227
2024/12/26,7214,5734,17357,4930,35234,0,35234,1980,0,37214,4930
2024/12/27,7109,5642,17274,5156,35181,40,35141,2100,0,37241,5116
2024/12/28,7025,5547,17019,4439,34031,0,34031,1500,0,35531,4439
2024/12/29,7369,5740,16806,5172,35087,0,35087,1200,0,36287,5172
2024/12/30,7316,5614,16351,6262,35542,0,35542,1500,0,37042,6262
2024/12/31,7600,5584,16146,6042,35372,70,35302,1950,0,37252,5972
2025/01/1,7543,5494,16228,6059,35323,0,35323,1880,0,37203,6059
2025/01/2,7268,5494,16257,6159,35178,0,35178,1000,0,36178,6159
2025/01/3,7603,5384,16317,6242,35546,0,35546,1750,0,37296,6242
2025/01/4,6930,5388,16119,5699,34136,0,34136,1700,0,35836,5699
2025/01/5,7598,5448,15979,6739,35764,0,35764,1200,0,36964,6739
2025/01/6,7095,5157,15849,6389,34490,0,34490,1000,0,35490,6389
2025/01/7,7376,5296,15231,7438,35340,0,35340,1550,0,36890,7438
2025/01/8,7160,5204,15439,7421,35225,0,35225,1950,0,37175,7421
2025/01/9,7580,5176,15658,7723,36137,0,36137,1800,0,37937,7723
2025/01/10,7192,5101,15642,7554,35489,0,35489,2100,0,37589,7554
2025/01/11,6251,5017,15623,6845,33735,0,33735,1700,0,35435,6845
